case_id,case_name,platform_vendor,model_as_alleged,outcome_category,primary_source_type,primary_source_link,secondary_sources,public_transcript_availability,mechanism_targets,in_scope_study_ii,status,jurisdiction,filing_date,incident_date_approx,data_sensitivity,github_evidence_path,notes_non_procedural
C-01,Raine v. OpenAI (Raine family),OpenAI / ChatGPT,ChatGPT,Fatal,Court filing (amended complaint),[ADD_PDF_LINK],[ADD_REPORTING_LINKS],Quoted excerpts in primary doc,"RA;IR;RTF;DCF;Repair Failure;Authority Capture / Over-deference;Boundary Failure",TRUE,Intake,[ADD],[ADD],[ADD],High,study-ii/sources/raine/,"Publicly documented allegations include vulnerable disclosures and unsafe assistant behaviors; store only redacted/provenance pointers for any procedural content."
C-02,Shamblin v. OpenAI (Shamblin family),OpenAI / ChatGPT,ChatGPT,Fatal,Court filing (complaint),[ADD_PDF_LINK],[ADD_REPORTING_LINKS],Quoted excerpts in primary doc,"IR;DCF;Repair Failure;Authority Capture / Over-deference;Boundary Failure",TRUE,Intake,[ADD],[ADD],[ADD],High,study-ii/sources/shamblin/,"Public reports describe an extended final conversation; extract only non-procedural relational/repair behaviors and escalation failures."
C-03,Fox v. OpenAI (Ceccanti),OpenAI / ChatGPT,ChatGPT,Fatal,Court filing (complaint),[ADD_PDF_LINK],[ADD_REPORTING_LINKS],Summarized only,"RTF;DCF;Authority Capture / Over-deference;Boundary Failure",TRUE,Intake,[ADD],[ADD],[ADD],Medium,study-ii/sources/ceccanti/,"Public materials emphasize delusion/mania reinforcement patterns; keep excerpts non-procedural and focus on reality-testing failures."
C-04,Garcia v. Character.AI (Setzer),Character.AI,Character.AI chatbot,Fatal,Court filing (amended complaint),[ADD_PDF_LINK],[ADD_REPORTING_LINKS],Quoted excerpts in primary doc,"IR;DCF;Boundary Failure;Authority Capture / Over-deference",FALSE,Intake,[ADD],[ADD],[ADD],High,study-ii/sources/characterai-setzer/,"Adjacent case (non-OpenAI) useful for cross-agent mechanism comparison; keep as secondary cohort unless explicitly included."
