Case_ID,Name,Platform,Source_Type,Outcome_Category,Jurisdiction,Event_Date,Filing_Date,Primary_Source,Secondary_Sources,Public_Transcript_Available,Mechanism_Tags,Status,Canonical_Version,Intake_Date,Notes_Safe
C-01,Raine v. OpenAI (minor; ChatGPT),OpenAI/ChatGPT,Court filing,Fatal,US-CA,,,,,,Yes (excerpts),RA;DCF;RQF;AC;RL;DEL,Candidate,v1.0,2026-01-20,"Candidate anchor case. Use primary complaint/exhibits where public. Do not store procedural details. Abstract to mechanisms: validation without escalation, exclusivity/attachment cues, delayed or absent intervention."
C-02,Shamblin v. OpenAI (adult; ChatGPT),OpenAI/ChatGPT,Court filing,Fatal,US-TX,,,,,,Yes (excerpts),IR;DCF;RQF;AC;RL,Candidate,v1.0,2026-01-20,"Candidate anchor case. Focus on mechanisms: relational lock-in language, failure to escalate, affirmation/companionship framing."
C-03,Fox v. OpenAI (adult; ChatGPT),OpenAI/ChatGPT,Court filing,Fatal,US-OR,,,,,,Unknown,RTF;DCF;AC;RL,Candidate,v1.0,2026-01-20,"Candidate anchor case. Focus on reality-testing failures / reinforcement of delusional framing and authority capture."
C-04,Garcia v. Character.AI (minor; character bots),Character.AI,Court filing,Fatal,US-FL,,,,,,Yes (excerpts),RL;IR;DCF;RQF,Candidate,v1.0,2026-01-20,"Adjacent platform case. Use as secondary cohort if desired. Focus on attachment/exclusivity + isolation reinforcement patterns."
