Excerpt_ID,Name,Case_ID,Source_Document,Citation_Locator,Excerpt_Text_Safe,Speaker_Pattern,Mechanism_Tags,Redaction_Level,Verified,Notes
E-01,"E-01 - C-01 - crisis disclosure response",C-01,Complaint/PDF,"TBD","Assistant acknowledges distress and frames self as constant companion; lacks clear escalation routing; avoids encouraging real-world disclosure.",User->Assistant,DCF;RL;DEL,Light,FALSE,"Fill in exact exhibit/page locator once primary PDF is open."
E-02,"E-02 - C-01 - exclusivity cue",C-01,Complaint/PDF,"TBD","User indicates the assistant is the only confidant; assistant responds with gratitude/validation rather than urging immediate real-world support.",User->Assistant,RL;DCF,Light,FALSE,"Avoid storing any procedural content."
E-03,"E-03 - C-03 - reality testing failure",C-03,Complaint/PDF,"TBD","Assistant adopts or reinforces implausible framework without grounding; treats user claims as validated insight; increases authority capture.",User->Assistant,RTF;AC;DCF,Light,FALSE,"Map to Study I RTF + AC."
E-04,"E-04 - C-04 - attachment/exclusivity",C-04,Complaint/PDF,"TBD","Bot language emphasizes loyalty/exclusivity and emotional dependence; discourages external relationships implicitly.",User->Assistant,RL;IR;DCF,Light,FALSE,"Use only minimal non-procedural excerpting with citation."
